<?xml version="1.0" encoding="UTF-8"?>
<beans xmlns="http://www.springframework.org/schema/beans"
	xmlns:xsi="http://www.w3.org/2001/XMLSchema-instance"
	xsi:schemaLocation="http://www.springframework.org/schema/beans https://www.springframework.org/schema/beans/spring-beans.xsd">
	
	<!-- Root Context: defines shared resources visible to all other web components -->
	
	         <!-- RDS 연결 -->
   <bean id="dataSource" class="org.springframework.jdbc.datasource.DriverManagerDataSource">
      <property name="driverClassName" value="com.mysql.cj.jdbc.Driver" />
      <property name="url" value="jdbc:mysql://awseb-e-rwafjmi3tk-stack-awsebrdsdatabase-ey0ew0rafmip.cxtf5ov9mjaq.ap-northeast-2.rds.amazonaws.com/sh_db" />
      <property name="username" value="user" />
      <property name="password" value="qwer1234" />
      </bean>	
	
	
	   <!--    <bean id="dataSource" class="org.springframework.jdbc.datasource.DriverManagerDataSource">
      <property name="driverClassName" value="com.mysql.cj.jdbc.Driver"></property>
      <property name="url" value="jdbc:mysql://localhost:3306/sh_db?useUnicode=true&amp;characterEncoding=utf8"></property>
      <property name="username" value="root"></property>
      <property name="password" value="tiger"></property>
   </bean>   -->
		<bean id="sqlSessionFactory"
		class="org.mybatis.spring.SqlSessionFactoryBean">
		<property name="dataSource" ref="dataSource" />
		<property name="configLocation"
			value="classpath:mybatis-config.xml" />
		<property name="mapperLocations"
			value="classpath:mapper/*Mapper.xml" />
	</bean>

	<bean id="sqlSession"
		class="org.mybatis.spring.SqlSessionTemplate">
		<constructor-arg ref="sqlSessionFactory" />
	</bean>
	
	<!-- 이메일 인증 bean -->
	<bean id="mailSender"
		class="org.springframework.mail.javamail.JavaMailSenderImpl">
		<property name="host" value="smtp.gmail.com" />
		<property name="port" value="587" />
		<property name="username" value="dhdl2369@gmail.com" />
		<property name="password" value="ypeb wauv bphq biba" />
		<property name="javaMailProperties">
			<props>
				<prop key="mail.transport.protocol">smtp</prop>
				<prop key="mail.smtp.auth">true</prop>
				<prop key="mail.smtp.socketFactory.class">javax.net.ssl.SSLSocketFactory</prop>
				<prop key="mail.smtp.starttls.enable">true</prop>
				<prop key="mail.debug">true</prop>
				<prop key="mail.smtp.ssl.trust">smtp.gmail.com</prop>
				<prop key="mail.smtp.ssl.protocols">TLSv1.2</prop>
			</props>
		</property>
	</bean>
	
</beans>
